﻿<?xml version="1.0" encoding="utf-8"?>
<Store xmlns:i="http://www.w3.org/2001/XMLSchema-instance" xmlns="AtmelPackComponentManagement">
	<ProjectComponents>
		<ProjectComponent z:Id="i1" xmlns:z="http://schemas.microsoft.com/2003/10/Serialization/">
			<CApiVersion></CApiVersion>
			<CBundle></CBundle>
			<CClass>CMSIS</CClass>
			<CGroup>CORE</CGroup>
			<CSub></CSub>
			<CVariant></CVariant>
			<CVendor>ARM</CVendor>
			<CVersion>3.40.0</CVersion>
			<DefaultRepoPath>F:/Atmel Studio\7.0\Packs</DefaultRepoPath>
			<DependentComponents xmlns:d4p1="http://schemas.microsoft.com/2003/10/Serialization/Arrays">
				<d4p1:anyType z:Id="i2" i:type="ProjectComponent">
					<CApiVersion></CApiVersion>
					<CBundle></CBundle>
					<CClass>Device</CClass>
					<CGroup>Startup</CGroup>
					<CSub></CSub>
					<CVariant></CVariant>
					<CVendor>Atmel</CVendor>
					<CVersion>1.0.0</CVersion>
					<DefaultRepoPath>F:/AtmelStudio\7.0\Packs</DefaultRepoPath>
					<DependentComponents>
						<d4p1:anyType z:Ref="i1" />
					</DependentComponents>
					<Description></Description>
					<Files>
						<d4p1:anyType i:type="FileInfo">
							<AbsolutePath>F:/AtmelStudio\7.0\Packs\atmel\SAM3X_DFP\1.0.41\include</AbsolutePath>
							<Attribute></Attribute>
							<Category>include</Category>
							<Condition>C</Condition>
							<FileContentHash i:nil="true" />
							<FileVersion></FileVersion>
							<Name>include</Name>
							<SelectString></SelectString>
							<SourcePath></SourcePath>
						</d4p1:anyType>
						<d4p1:anyType i:type="FileInfo">
							<AbsolutePath>F:/AtmelStudio\7.0\Packs\atmel\SAM3X_DFP\1.0.41\include\sam.h</AbsolutePath>
							<Attribute></Attribute>
							<Category>header</Category>
							<Condition>C</Condition>
							<FileContentHash>BbLu44u2p9gn+8qU4vTOYA==</FileContentHash>
							<FileVersion></FileVersion>
							<Name>include/sam.h</Name>
							<SelectString></SelectString>
							<SourcePath></SourcePath>
						</d4p1:anyType>
						<d4p1:anyType i:type="FileInfo">
							<AbsolutePath>F:/AtmelStudio\7.0\Packs\atmel\SAM3X_DFP\1.0.41\templates\main.c</AbsolutePath>
							<Attribute>template</Attribute>
							<Category>source</Category>
							<Condition>C Exe</Condition>
							<FileContentHash>o0ncidL5gR0Z0YwWJ1YroQ==</FileContentHash>
							<FileVersion></FileVersion>
							<Name>templates/main.c</Name>
							<SelectString>Main file (.c)</SelectString>
							<SourcePath></SourcePath>
						</d4p1:anyType>
						<d4p1:anyType i:type="FileInfo">
							<AbsolutePath>F:/AtmelStudio\7.0\Packs\atmel\SAM3X_DFP\1.0.41\templates\main.cpp</AbsolutePath>
							<Attribute>template</Attribute>
							<Category>source</Category>
							<Condition>C Exe</Condition>
							<FileContentHash>nU+WlKcYaWh0AWBBS+WVpA==</FileContentHash>
							<FileVersion></FileVersion>
							<Name>templates/main.cpp</Name>
							<SelectString>Main file (.cpp)</SelectString>
							<SourcePath></SourcePath>
						</d4p1:anyType>
						<d4p1:anyType i:type="FileInfo">
							<AbsolutePath>F:/AtmelStudio\7.0\Packs\atmel\SAM3X_DFP\1.0.41\gcc\system_sam3xa.c</AbsolutePath>
							<Attribute>config</Attribute>
							<Category>source</Category>
							<Condition>GCC Exe</Condition>
							<FileContentHash>oTcbE5IZhUInlYRnh3r+MQ==</FileContentHash>
							<FileVersion></FileVersion>
							<Name>gcc/system_sam3xa.c</Name>
							<SelectString></SelectString>
							<SourcePath></SourcePath>
						</d4p1:anyType>
						<d4p1:anyType i:type="FileInfo">
							<AbsolutePath>F:/AtmelStudio\7.0\Packs\atmel\SAM3X_DFP\1.0.41\gcc\gcc\startup_sam3xa.c</AbsolutePath>
							<Attribute>config</Attribute>
							<Category>source</Category>
							<Condition>GCC Exe</Condition>
							<FileContentHash>aZmkPk11UbL1gRUNwF/hDA==</FileContentHash>
							<FileVersion></FileVersion>
							<Name>gcc/gcc/startup_sam3xa.c</Name>
							<SelectString></SelectString>
							<SourcePath></SourcePath>
						</d4p1:anyType>
						<d4p1:anyType i:type="FileInfo">
							<AbsolutePath>F:/AtmelStudio\7.0\Packs\atmel\SAM3X_DFP\1.0.41\gcc\gcc\sam3x8e_flash.ld</AbsolutePath>
							<Attribute>config</Attribute>
							<Category>linkerScript</Category>
							<Condition>GCC Exe</Condition>
							<FileContentHash>Zye36GMSGtLqcMdJVZBNHQ==</FileContentHash>
							<FileVersion></FileVersion>
							<Name>gcc/gcc/sam3x8e_flash.ld</Name>
							<SelectString></SelectString>
							<SourcePath></SourcePath>
						</d4p1:anyType>
						<d4p1:anyType i:type="FileInfo">
							<AbsolutePath>F:/AtmelStudio\7.0\Packs\atmel\SAM3X_DFP\1.0.41\gcc\gcc\sam3x8e_sram.ld</AbsolutePath>
							<Attribute>config</Attribute>
							<Category>other</Category>
							<Condition>GCC Exe</Condition>
							<FileContentHash>y36424NryshttMd2OTiNXg==</FileContentHash>
							<FileVersion></FileVersion>
							<Name>gcc/gcc/sam3x8e_sram.ld</Name>
							<SelectString></SelectString>
							<SourcePath></SourcePath>
						</d4p1:anyType>
						<d4p1:anyType i:type="FileInfo">
							<AbsolutePath>F:/AtmelStudio\7.0\Packs\atmel\SAM3X_DFP\1.0.41\gcc\gcc\sam3xa_flash.ld</AbsolutePath>
							<Attribute>config</Attribute>
							<Category>other</Category>
							<Condition>GCC Exe</Condition>
							<FileContentHash>czGbovk6f1LTVnu4XUL9FQ==</FileContentHash>
							<FileVersion></FileVersion>
							<Name>gcc/gcc/sam3xa_flash.ld</Name>
							<SelectString></SelectString>
							<SourcePath></SourcePath>
						</d4p1:anyType>
						<d4p1:anyType i:type="FileInfo">
							<AbsolutePath>F:/AtmelStudio\7.0\Packs\atmel\SAM3X_DFP\1.0.41\gcc\gcc\sam3xa_sram.ld</AbsolutePath>
							<Attribute>config</Attribute>
							<Category>other</Category>
							<Condition>GCC Exe</Condition>
							<FileContentHash>i4E3XYkonwRIB46d42R6Ow==</FileContentHash>
							<FileVersion></FileVersion>
							<Name>gcc/gcc/sam3xa_sram.ld</Name>
							<SelectString></SelectString>
							<SourcePath></SourcePath>
						</d4p1:anyType>
					</Files>
					<PackName>SAM3X_DFP</PackName>
					<PackPath>F:/AtmelStudio/7.0/Packs/atmel/SAM3X_DFP/1.0.41/Atmel.SAM3X_DFP.pdsc</PackPath>
					<PackVersion>1.0.41</PackVersion>
					<PresentInProject>true</PresentInProject>
					<ReferenceConditionId>ATSAM3X8E</ReferenceConditionId>
					<RteComponents>
						<d4p1:string></d4p1:string>
					</RteComponents>
					<Status>Resolved</Status>
					<VersionMode>Fixed</VersionMode>
					<IsComponentInAtProject>true</IsComponentInAtProject>
				</d4p1:anyType>
			</DependentComponents>
			<Description></Description>
			<Files xmlns:d4p1="http://schemas.microsoft.com/2003/10/Serialization/Arrays">
				<d4p1:anyType i:type="FileInfo">
					<AbsolutePath>F:/Atmel Studio\7.0\Packs\arm\cmsis\4.2.0\CMSIS\Documentation\Core\html\index.html</AbsolutePath>
					<Attribute></Attribute>
					<Category>doc</Category>
					<Condition></Condition>
					<FileContentHash>Fm1Ae7doPh4708FZQAIEpw==</FileContentHash>
					<FileVersion></FileVersion>
					<Name>CMSIS\Documentation\Core\html\index.html</Name>
					<SelectString></SelectString>
					<SourcePath></SourcePath>
				</d4p1:anyType>
				<d4p1:anyType i:type="FileInfo">
					<AbsolutePath>F:/Atmel Studio\7.0\Packs\arm\cmsis\4.2.0\CMSIS\Include\</AbsolutePath>
					<Attribute></Attribute>
					<Category>include</Category>
					<Condition></Condition>
					<FileContentHash i:nil="true" />
					<FileVersion></FileVersion>
					<Name>CMSIS\Include\</Name>
					<SelectString></SelectString>
					<SourcePath></SourcePath>
				</d4p1:anyType>
			</Files>
			<PackName>CMSIS</PackName>
			<PackPath>F:/Atmel Studio/7.0/Packs/arm/cmsis/4.2.0/ARM.CMSIS.pdsc</PackPath>
			<PackVersion>4.2.0</PackVersion>
			<PresentInProject>true</PresentInProject>
			<ReferenceConditionId>CMSIS Core</ReferenceConditionId>
			<RteComponents xmlns:d4p1="http://schemas.microsoft.com/2003/10/Serialization/Arrays">
				<d4p1:string></d4p1:string>
			</RteComponents>
			<Status>Resolved</Status>
			<VersionMode>Fixed</VersionMode>
			<IsComponentInAtProject>true</IsComponentInAtProject>
		</ProjectComponent>
		<ProjectComponent z:Ref="i2" xmlns:z="http://schemas.microsoft.com/2003/10/Serialization/" />
	</ProjectComponents>
</Store>